createdAt,side,liquidity,type,market,price,size,fee
"2023-11-15T22:34:23.121Z","BUY","TAKER","MARKET","BTC-USD","37744","0.0008","0.012078"
"2023-11-15T22:34:23.121Z","BUY","TAKER","MARKET","BTC-USD","37744","0.1992","3.007441"
"2023-11-15T20:14:22.022Z","SELL","TAKER","MARKET","BTC-USD","37667","0.1","1.50668"
"2023-11-15T19:15:43.749Z","SELL","TAKER","MARKET","BTC-USD","37403","0.1","1.49612"
"2023-11-15T18:11:16.840Z","BUY","TAKER","MARKET","BTC-USD","36706","0.3","4.40472"
"2023-11-14T18:48:01.238Z","BUY","TAKER","MARKET","BTC-USD","35750","0.05","0.715"
"2023-11-13T14:31:40.717Z","SELL","TAKER","MARKET","BTC-USD","36866","0.282","4.158484"
"2023-11-13T14:31:40.717Z","SELL","TAKER","MARKET","BTC-USD","36866","0.068","1.002755"
"2023-11-13T02:35:43.091Z","BUY","TAKER","MARKET","BTC-USD","37274","0.05","0.74548"
"2023-11-13T02:35:19.609Z","BUY","MAKER","LIMIT","BTC-USD","37281","0.2464","1.377905"
"2023-11-13T02:35:19.478Z","BUY","MAKER","LIMIT","BTC-USD","37281","0.0536","0.299739"
"2023-11-13T01:35:14.572Z","SELL","MAKER","LIMIT","BTC-USD","37198","0.257","1.433982"
"2023-11-13T01:35:14.280Z","SELL","MAKER","LIMIT","BTC-USD","37198","0.093","0.518912"
"2023-11-13T01:34:08.009Z","SELL","TAKER","MARKET","BTC-USD","37211","0.4","5.95376"
"2023-11-13T01:24:52.290Z","BUY","TAKER","MARKET","BTC-USD","37297","0.1","1.49188"
"2023-11-13T01:17:10.511Z","BUY","TAKER","MARKET","BTC-USD","37413","0.3","4.48956"
"2023-11-12T23:22:14.017Z","SELL","TAKER","STOP_MARKET","BTC-USD","37001","0.2116","3.131764"
"2023-11-12T23:22:14.017Z","SELL","TAKER","STOP_MARKET","BTC-USD","37001","0.0068","0.100642"
"2023-11-12T23:22:14.017Z","SELL","TAKER","STOP_MARKET","BTC-USD","37002","0.0816","1.207745"
"2023-11-12T17:32:53.231Z","BUY","MAKER","LIMIT","BTC-USD","37146","0.2529","1.409133"
"2023-11-12T17:32:53.220Z","BUY","MAKER","LIMIT","BTC-USD","37146","0.0087","0.048475"
"2023-11-12T17:32:52.678Z","BUY","MAKER","LIMIT","BTC-USD","37146","0.0125","0.069648"
"2023-11-12T17:32:51.631Z","BUY","MAKER","LIMIT","BTC-USD","37146","0.0259","0.144312"
"2023-11-11T06:25:52.802Z","SELL","TAKER","MARKET","FIL-USD","4.52","327.3","0.591758"
"2023-11-11T06:25:52.802Z","SELL","TAKER","MARKET","FIL-USD","4.52","47.7","0.086241"
"2023-11-10T21:07:37.735Z","BUY","TAKER","MARKET","FIL-USD","4.55","132.2","0.240604"
"2023-11-10T21:07:37.735Z","BUY","TAKER","MARKET","FIL-USD","4.55","242.8","0.441896"
"2023-11-10T07:19:36.293Z","SELL","TAKER","MARKET","XLM-USD","0.1224","12000","0.58752"
"2023-11-10T07:16:22.378Z","SELL","TAKER","MARKET","SOL-USD","47.648","18.7","0.356407"
"2023-11-10T07:16:22.378Z","SELL","TAKER","MARKET","SOL-USD","47.648","6.3","0.120072"
"2023-11-10T06:21:20.458Z","BUY","TAKER","MARKET","SOL-USD","46.933","18.6","0.349181"
"2023-11-10T06:21:20.458Z","BUY","TAKER","MARKET","SOL-USD","46.927","6.4","0.120133"
"2023-11-09T22:29:34.546Z","BUY","TAKER","MARKET","XLM-USD","0.1208","12000","0.57984"
"2023-11-09T22:20:22.102Z","SELL","TAKER","MARKET","XLM-USD","0.1206","68530","3.305887"
"2023-11-09T22:20:22.102Z","SELL","TAKER","MARKET","XLM-USD","0.1206","14900","0.718776"
"2023-11-09T22:20:22.102Z","SELL","TAKER","MARKET","XLM-USD","0.1207","16570","0.799999"
"2023-11-09T22:18:41.187Z","BUY","MAKER","LIMIT","XLM-USD","0.1209","4600","0.083421"
"2023-11-09T22:18:41.172Z","BUY","MAKER","LIMIT","XLM-USD","0.1209","4870","0.088317"
"2023-11-09T22:18:41.159Z","BUY","MAKER","LIMIT","XLM-USD","0.1209","9750","0.176816"
"2023-11-09T22:18:40.432Z","BUY","MAKER","LIMIT","XLM-USD","0.1209","2430","0.044068"
"2023-11-09T22:18:40.419Z","BUY","MAKER","LIMIT","XLM-USD","0.1209","8260","0.149795"
"2023-11-09T22:18:40.302Z","BUY","MAKER","LIMIT","XLM-USD","0.1209","600","0.010881"
"2023-11-09T22:18:40.195Z","BUY","MAKER","LIMIT","XLM-USD","0.1209","19750","0.358166"
"2023-11-09T22:18:40.139Z","BUY","MAKER","LIMIT","XLM-USD","0.1209","2560","0.046425"
"2023-11-09T22:18:39.624Z","BUY","MAKER","LIMIT","XLM-USD","0.1209","3880","0.070363"
"2023-11-09T22:18:39.440Z","BUY","MAKER","LIMIT","XLM-USD","0.1209","4640","0.084146"
"2023-11-09T22:18:39.383Z","BUY","MAKER","LIMIT","XLM-USD","0.1209","2390","0.043342"
"2023-11-09T22:18:39.277Z","BUY","MAKER","LIMIT","XLM-USD","0.1209","16520","0.29959"
"2023-11-09T22:18:39.250Z","BUY","MAKER","LIMIT","XLM-USD","0.1209","19750","0.358166"
"2023-11-09T22:13:17.312Z","BUY","MAKER","LIMIT","BTC-USD","36681","0.7","3.851505"
"2023-11-09T16:37:01.318Z","SELL","TAKER","MARKET","SOL-USD","43.582","11.4","0.198733"
"2023-11-09T16:13:49.030Z","BUY","TAKER","MARKET","SOL-USD","43.819","9.4","0.205949"
"2023-11-09T16:13:49.030Z","BUY","TAKER","MARKET","SOL-USD","43.736","2","0.043736"
"2023-11-09T16:11:58.550Z","SELL","TAKER","MARKET","BTC-USD","36673","0.3","5.50095"
"2023-11-09T13:12:49.180Z","SELL","TAKER","MARKET","BTC-USD","36919","0.05","0.73838"
"2023-11-09T10:25:26.175Z","SELL","TAKER","MARKET","BTC-USD","36923","0.05","0.923075"
"2023-11-09T10:25:11.880Z","BUY","TAKER","MARKET","BTC-USD","36926","0.5","9.2315"
"2023-11-09T10:24:35.915Z","SELL","TAKER","MARKET","BTC-USD","36927","0.313","5.779075"
"2023-11-09T10:24:35.915Z","SELL","TAKER","MARKET","BTC-USD","36932","0.187","3.453142"
"2023-11-09T10:05:54.651Z","SELL","TAKER","MARKET","BTC-USD","36781","0.15","2.758575"
"2023-11-09T07:43:35.546Z","SELL","TAKER","MARKET","BTC-USD","36619","0.1489","2.726284"
"2023-11-09T07:43:35.546Z","SELL","TAKER","MARKET","BTC-USD","36619","0.0011","0.02014"
"2023-11-09T07:43:13.998Z","BUY","TAKER","MARKET","ETH-USD","1913.4","0.15","0.143505"
"2023-11-09T02:29:52.322Z","SELL","TAKER","MARKET","ETH-USD","1919.9","0.15","0.143992"
"2023-11-07T17:44:07.119Z","BUY","TAKER","MARKET","BTC-USD","34821","0.35","6.093675"
"2023-11-07T15:45:26.843Z","SELL","MAKER","LIMIT","BTC-USD","34669","0.29","2.010802"
"2023-11-07T15:45:26.776Z","SELL","MAKER","LIMIT","BTC-USD","34669","0.06","0.416028"
"2023-11-03T09:25:40.833Z","SELL","TAKER","MARKET","BTC-USD","34301","0.2836","4.863881"
"2023-11-03T09:25:40.833Z","SELL","TAKER","MARKET","BTC-USD","34303","0.0164","0.281284"
"2023-11-03T08:51:17.544Z","BUY","TAKER","MARKET","BTC-USD","34404","0.3","5.1606"
"2023-11-03T08:38:00.407Z","BUY","TAKER","MARKET","BTC-USD","34514","0.2631","4.540316"
"2023-11-03T08:38:00.407Z","BUY","TAKER","MARKET","BTC-USD","34514","0.0869","1.499633"
"2023-11-03T02:55:26.047Z","SELL","MAKER","LIMIT","BTC-USD","34666","0.2717","1.88375"
"2023-11-03T02:55:25.741Z","SELL","MAKER","LIMIT","BTC-USD","34666","0.0783","0.542869"
"2023-11-03T02:40:26.226Z","SELL","TAKER","MARKET","BTC-USD","34661","0.15","2.599575"
"2023-11-03T00:56:55.310Z","SELL","TAKER","STOP_MARKET","ETH-USD","1782","1.5","1.3365"
"2023-11-03T00:56:55.305Z","SELL","TAKER","STOP_MARKET","ETH-USD","1782","1.5","1.3365"
"2023-11-02T20:03:27.701Z","BUY","TAKER","MARKET","ETH-USD","1810.9","1.5","1.358175"
"2023-11-02T17:40:00.441Z","BUY","TAKER","MARKET","BTC-USD","34681","0.15","2.601075"
"2023-11-02T17:38:31.209Z","BUY","TAKER","MARKET","BTC-USD","34685","0.3701","6.418459"
"2023-11-02T17:38:31.209Z","BUY","TAKER","MARKET","BTC-USD","34685","0.3299","5.72129"
"2023-11-02T13:31:24.911Z","SELL","TAKER","MARKET","BTC-USD","35161","0.1254","2.204594"
"2023-11-02T13:31:24.911Z","SELL","TAKER","MARKET","BTC-USD","35161","0.5746","10.101755"
"2023-11-02T13:30:40.866Z","SELL","TAKER","MARKET","BTC-USD","35153","0.3","5.27295"
"2023-11-02T10:03:21.772Z","BUY","TAKER","MARKET","BTC-USD","35387","0.3","5.30805"
"2023-11-02T10:02:01.753Z","BUY","TAKER","MARKET","ETH-USD","1833.5","1.5","1.375125"
"2023-11-02T09:58:34.541Z","BUY","TAKER","MARKET","BTC-USD","35410","0.33","5.84265"
"2023-11-02T09:58:34.541Z","BUY","TAKER","MARKET","BTC-USD","35410","0.02","0.3541"
"2023-11-02T06:11:17.917Z","SELL","TAKER","MARKET","BTC-USD","35162","0.35","6.15335"
"2023-11-02T05:08:22.044Z","SELL","TAKER","MARKET","BTC-USD","35430","0.1975","3.498712"
"2023-11-02T05:08:22.044Z","SELL","TAKER","MARKET","BTC-USD","35430","0.2295","4.065592"
"2023-11-01T18:21:12.441Z","BUY","TAKER","MARKET","BTC-USD","34559","0.427","7.378346"
"2023-11-01T18:20:21.564Z","BUY","TAKER","MARKET","ETH-USD","1819.2","2","1.8192"
"2023-11-01T18:20:05.523Z","BUY","TAKER","MARKET","BTC-USD","34540","0.7","12.089"
"2023-11-01T13:42:48.318Z","SELL","TAKER","MARKET","ETH-USD","1798.9","2","1.7989"
"2023-11-01T13:41:10.268Z","SELL","TAKER","MARKET","BTC-USD","34530","0.7","12.0855"
"2023-11-01T13:41:01.222Z","SELL","TAKER","MARKET","BTC-USD","34524","0.3","5.1786"
"2023-11-01T12:37:33.526Z","BUY","TAKER","MARKET","BTC-USD","34456","0.289","4.978892"
"2023-11-01T12:37:33.526Z","BUY","TAKER","MARKET","BTC-USD","34456","0.011","0.189508"
"2023-11-01T11:37:44.554Z","BUY","TAKER","MARKET","ETH-USD","1797.7","0.333","0.299317"
"2023-11-01T11:37:44.554Z","BUY","TAKER","MARKET","ETH-USD","1797.7","1.667","1.498382"
"2023-11-01T11:21:19.828Z","SELL","TAKER","MARKET","ETH-USD","1793.1","2","1.7931"
"2023-11-01T10:25:45.479Z","SELL","TAKER","MARKET","BTC-USD","34441","0.0094","0.161872"
"2023-11-01T10:25:45.479Z","SELL","TAKER","MARKET","BTC-USD","34441","0.001","0.01722"
"2023-11-01T10:25:45.479Z","SELL","TAKER","MARKET","BTC-USD","34441","0.001","0.01722"
"2023-11-01T10:25:45.479Z","SELL","TAKER","MARKET","BTC-USD","34441","0.0289","0.497672"
"2023-11-01T10:25:45.479Z","SELL","TAKER","MARKET","BTC-USD","34441","0.05","0.861025"
"2023-11-01T10:25:45.479Z","SELL","TAKER","MARKET","BTC-USD","34441","0.07","1.205435"
"2023-11-01T10:25:45.479Z","SELL","TAKER","MARKET","BTC-USD","34441","0.0397","0.683653"
"2023-10-31T19:02:28.158Z","BUY","TAKER","MARKET","BTC-USD","34565","0.2","3.4565"
"2023-10-31T18:59:07.505Z","BUY","TAKER","MARKET","BTC-USD","34486","0.2974","5.128068"
"2023-10-31T18:59:07.505Z","BUY","TAKER","MARKET","BTC-USD","34486","0.0526","0.906981"
"2023-10-31T18:45:34.417Z","BUY","TAKER","MARKET","BTC-USD","34417","0.35","6.022975"
"2023-10-31T17:13:47.835Z","SELL","TAKER","MARKET","LINK-USD","11.204","100","0.5602"
"2023-10-31T17:13:37.709Z","SELL","TAKER","MARKET","BTC-USD","34368","0.2343","4.026211"
"2023-10-31T17:13:37.709Z","SELL","TAKER","MARKET","BTC-USD","34368","0.4657","8.002588"
"2023-10-31T17:13:24.300Z","SELL","TAKER","MARKET","BTC-USD","34371","0.1","1.71855"
"2023-10-31T16:54:05.382Z","BUY","TAKER","MARKET","LINK-USD","11.232","10.8","0.060652"
"2023-10-31T16:54:05.382Z","BUY","TAKER","MARKET","LINK-USD","11.231","89.2","0.500902"
"2023-10-31T16:52:11.441Z","BUY","TAKER","MARKET","BTC-USD","34430","0.1","1.7215"
"2023-10-31T16:51:59.812Z","BUY","TAKER","MARKET","BTC-USD","34433","0.7","12.05155"
"2023-10-31T16:40:52.843Z","BUY","TAKER","STOP_MARKET","ETH-USD","1802.1","2","1.8021"
"2023-10-31T15:46:37.792Z","SELL","TAKER","MARKET","ETH-USD","1789.5","1.624","1.453074"
"2023-10-31T15:46:37.792Z","SELL","TAKER","MARKET","ETH-USD","1789.5","0.376","0.336426"
"2023-10-31T08:19:53.250Z","BUY","TAKER","MARKET","LTC-USD","68.7","7","0.24045"
"2023-10-31T08:03:05.375Z","SELL","TAKER","MARKET","LTC-USD","68.5","7","0.23975"
"2023-10-30T15:43:32.707Z","SELL","TAKER","MARKET","BTC-USD","34683","0.3211","5.568355"
"2023-10-30T15:43:32.707Z","SELL","TAKER","MARKET","BTC-USD","34683","0.0289","0.501169"
"2023-10-30T14:32:38.396Z","SELL","TAKER","MARKET","BTC-USD","34645","0.35","6.062875"
"2023-10-30T13:37:13.975Z","SELL","TAKER","MARKET","BTC-USD","34715","0.15","2.603625"
"2023-10-30T13:23:24.924Z","BUY","TAKER","MARKET","BTC-USD","34664","0.15","2.5998"
"2023-10-30T13:21:41.585Z","BUY","TAKER","MARKET","BTC-USD","34653","0.7","12.12855"
"2023-10-30T13:07:16.107Z","SELL","MAKER","LIMIT","BTC-USD","34576","0.3332","2.304144"
"2023-10-30T13:07:16.099Z","SELL","MAKER","LIMIT","BTC-USD","34576","0.0769","0.531778"
"2023-10-30T13:07:16.083Z","SELL","MAKER","LIMIT","BTC-USD","34576","0.2899","2.004716"
"2023-10-30T13:06:15.768Z","SELL","TAKER","MARKET","BTC-USD","34564","0.1","1.7282"
"2023-10-30T13:06:04.791Z","SELL","TAKER","MARKET","LINK-USD","11.276","5","0.02819"
"2023-10-30T13:06:04.791Z","SELL","TAKER","MARKET","LINK-USD","11.276","115","0.64837"
"2023-10-30T09:21:33.307Z","BUY","TAKER","MARKET","LINK-USD","11.408","32.2","0.183668"
"2023-10-30T09:21:33.307Z","BUY","TAKER","MARKET","LINK-USD","11.405","87.8","0.500679"
"2023-10-30T09:19:56.413Z","BUY","TAKER","MARKET","BTC-USD","34515","0.1","1.72575"
"2023-10-30T09:19:30.530Z","BUY","TAKER","MARKET","BTC-USD","34510","0.321","5.538855"
"2023-10-30T09:19:30.530Z","BUY","TAKER","MARKET","BTC-USD","34510","0.029","0.500395"
"2023-10-30T02:01:40.831Z","SELL","TAKER","MARKET","LINK-USD","11.107","62.5","0.347093"
"2023-10-30T02:01:09.749Z","SELL","TAKER","MARKET","BTC-USD","34277","0.1303","2.233146"
"2023-10-30T02:01:09.749Z","SELL","TAKER","MARKET","BTC-USD","34281","0.1468","2.516225"
"2023-10-30T02:01:09.749Z","SELL","TAKER","MARKET","BTC-USD","34282","0.0729","1.249578"
"2023-10-29T18:19:32.834Z","BUY","TAKER","MARKET","LINK-USD","11.211","62.5","0.350343"
"2023-10-29T06:40:31.271Z","SELL","TAKER","MARKET","BTC-USD","34101","0.35","5.967675"
"2023-10-29T06:40:09.219Z","BUY","TAKER","MARKET","BTC-USD","34105","0.35","5.968375"
"2023-10-29T06:39:59.441Z","BUY","TAKER","MARKET","BTC-USD","34112","0.3","5.1168"
"2023-10-29T06:39:59.441Z","BUY","TAKER","MARKET","BTC-USD","34112","0.05","0.8528"
"2023-10-28T17:04:00.898Z","SELL","MAKER","LIMIT","BTC-USD","34132","0.35","2.38924"
"2023-10-27T18:18:02.214Z","BUY","TAKER","MARKET","BTC-USD","33590","0.5","8.3975"
"2023-10-27T16:48:40.444Z","SELL","TAKER","MARKET","BTC-USD","33880","0.15","2.541"
"2023-10-27T15:17:15.937Z","BUY","TAKER","MARKET","BTC-USD","33939","0.15","2.545425"
"2023-10-27T14:29:44.444Z","SELL","TAKER","MARKET","BTC-USD","33930","0.15","2.54475"
"2023-10-26T18:31:30.015Z","BUY","TAKER","MARKET","BTC-USD","34045","0.0898","1.52862"
"2023-10-26T18:31:30.015Z","BUY","TAKER","MARKET","BTC-USD","34045","0.1102","1.875879"
"2023-10-26T15:19:37.005Z","SELL","TAKER","MARKET","BTC-USD","33951","0.1","1.69755"
"2023-10-26T14:24:14.285Z","SELL","TAKER","MARKET","BTC-USD","34175","0.1","1.70875"
"2023-10-23T22:13:07.207Z","BUY","TAKER","STOP_MARKET","BTC-USD","31875","0.35","5.578125"
"2023-10-22T19:03:23.071Z","SELL","TAKER","MARKET","BTC-USD","29897","0.35","5.231975"
"2023-10-22T16:50:16.840Z","SELL","TAKER","MARKET","BTC-USD","29858","0.35","5.22515"
"2023-10-22T07:45:43.289Z","SELL","TAKER","MARKET","MKR-USD","1423","1.242","0.883683"
"2023-10-22T07:45:43.289Z","SELL","TAKER","MARKET","MKR-USD","1423","1.058","0.752767"
"2023-10-22T07:45:43.289Z","SELL","TAKER","MARKET","MKR-USD","1423","0.2","0.1423"
"2023-10-22T07:25:39.937Z","SELL","TAKER","STOP_MARKET","LTC-USD","64.8","4.18","0.135432"
"2023-10-22T07:25:39.937Z","SELL","TAKER","STOP_MARKET","LTC-USD","64.8","44.43","1.439532"
"2023-10-22T07:25:39.937Z","SELL","TAKER","STOP_MARKET","LTC-USD","64.8","43.01","1.393524"
"2023-10-22T07:25:39.937Z","SELL","TAKER","STOP_MARKET","LTC-USD","64.8","3","0.0972"
"2023-10-22T07:25:39.937Z","SELL","TAKER","STOP_MARKET","LTC-USD","64.8","3","0.0972"
"2023-10-22T07:25:39.937Z","SELL","TAKER","STOP_MARKET","LTC-USD","64.8","2.38","0.077112"
"2023-10-22T06:33:11.955Z","BUY","TAKER","MARKET","LTC-USD","65.2","2.15","0.07009"
"2023-10-22T06:33:11.955Z","BUY","TAKER","MARKET","LTC-USD","65.2","52.61","1.715086"
"2023-10-22T06:33:11.955Z","BUY","TAKER","MARKET","LTC-USD","65.2","45.24","1.474824"
"2023-10-21T18:57:31.046Z","BUY","TAKER","MARKET","MKR-USD","1432","0.145","0.10382"
"2023-10-21T18:57:31.046Z","BUY","TAKER","MARKET","MKR-USD","1432","1.366","0.978056"
"2023-10-21T18:57:31.046Z","BUY","TAKER","MARKET","MKR-USD","1432","0.989","0.708124"
"2023-10-21T06:43:07.076Z","BUY","TAKER","MARKET","BTC-USD","29718","0.7","10.4013"
"2023-10-21T05:12:40.652Z","BUY","TAKER","STOP_MARKET","YFI-USD","5098","0.4082","1.040501"
"2023-10-21T05:12:40.652Z","BUY","TAKER","STOP_MARKET","YFI-USD","5098","0.5918","1.508498"
"2023-10-21T01:59:08.740Z","SELL","TAKER","MARKET","YFI-USD","5019","0.2128","0.534021"
"2023-10-21T01:59:08.740Z","SELL","TAKER","MARKET","YFI-USD","5020","0.5972","1.498972"
"2023-10-21T01:59:08.740Z","SELL","TAKER","MARKET","YFI-USD","5020","0.19","0.4769"
"2023-10-21T01:58:58.473Z","BUY","TAKER","MARKET","YFI-USD","5020","0.0977","0.245227"
"2023-10-21T01:58:58.473Z","BUY","TAKER","MARKET","YFI-USD","5020","1.1171","2.803921"
"2023-10-21T01:58:58.473Z","BUY","TAKER","MARKET","YFI-USD","5020","0.5972","1.498972"
"2023-10-21T01:58:58.473Z","BUY","TAKER","MARKET","YFI-USD","5020","0.188","0.47188"
"2023-10-21T01:58:37.476Z","SELL","TAKER","MARKET","YFI-USD","5019","0.16","0.40152"
"2023-10-21T01:58:37.476Z","SELL","TAKER","MARKET","YFI-USD","5019","0.6487","1.627912"
"2023-10-21T01:58:37.476Z","SELL","TAKER","MARKET","YFI-USD","5019","0.0013","0.003262"
"2023-10-21T01:58:37.476Z","SELL","TAKER","MARKET","YFI-USD","5020","0.19","0.4769"
"2023-10-21T01:57:58.401Z","SELL","TAKER","MARKET","YFI-USD","5020","0.1462","0.366962"
"2023-10-21T01:57:58.401Z","SELL","TAKER","MARKET","YFI-USD","5020","0.8538","2.143038"
"2023-10-21T01:55:23.132Z","SELL","TAKER","MARKET","BTC-USD","29552","0.0147","0.217207"
"2023-10-21T01:55:23.132Z","SELL","TAKER","MARKET","BTC-USD","29552","0.1321","1.951909"
"2023-10-21T01:55:23.132Z","SELL","TAKER","MARKET","BTC-USD","29552","0.5532","8.174083"
"2023-10-20T14:48:33.360Z","BUY","TAKER","MARKET","YFI-USD","4966","0.3938","0.977805"
"2023-10-20T14:48:33.360Z","BUY","TAKER","MARKET","YFI-USD","4965","0.6062","1.504891"
"2023-10-20T14:37:21.790Z","BUY","TAKER","MARKET","BTC-USD","29583","0.401","5.931391"
"2023-10-20T14:37:21.790Z","BUY","TAKER","MARKET","BTC-USD","29583","0.3","4.43745"
"2023-10-20T03:25:16.796Z","BUY","TAKER","STOP_MARKET","LTC-USD","62.8","50","1.57"
"2023-10-19T16:35:41.071Z","SELL","TAKER","MARKET","LTC-USD","61.4","11.06","0.339542"
"2023-10-19T16:35:41.071Z","SELL","TAKER","MARKET","LTC-USD","61.4","0.44","0.013508"
"2023-10-19T16:35:41.071Z","SELL","TAKER","MARKET","LTC-USD","61.4","38.5","1.18195"
"2023-10-18T17:24:44.153Z","SELL","TAKER","MARKET","BTC-USD","28423","0.3118","4.431145"
"2023-10-18T17:24:44.153Z","SELL","TAKER","MARKET","BTC-USD","28423","0.3892","5.531115"
"2023-10-18T15:50:44.746Z","BUY","TAKER","MARKET","BTC-USD","28266","0.6917","9.775796"
"2023-10-18T15:50:44.746Z","BUY","TAKER","MARKET","BTC-USD","28266","0.0097","0.13709"
"2023-10-18T08:14:42.122Z","SELL","TAKER","MARKET","YFI-USD","5103","0.413","1.053769"
"2023-10-18T08:14:42.122Z","SELL","TAKER","MARKET","YFI-USD","5105","0.587","1.498317"
"2023-10-18T07:48:01.738Z","SELL","TAKER","MARKET","BTC-USD","28515","0.7014","10.00021"
"2023-10-18T04:49:30.652Z","BUY","TAKER","MARKET","YFI-USD","5107","0.445","1.136307"
"2023-10-18T04:49:30.652Z","BUY","TAKER","MARKET","YFI-USD","5107","0.185","0.472397"
"2023-10-18T04:49:30.652Z","BUY","TAKER","MARKET","YFI-USD","5107","0.185","0.472397"
"2023-10-18T04:49:30.652Z","BUY","TAKER","MARKET","YFI-USD","5106","0.185","0.472305"
"2023-10-18T04:35:27.624Z","BUY","TAKER","MARKET","BTC-USD","28473","0.1529","2.17676"
"2023-10-18T04:35:27.624Z","BUY","TAKER","MARKET","BTC-USD","28473","0.5481","7.803025"
"2023-10-17T18:57:19.831Z","SELL","TAKER","MARKET","YFI-USD","5071","0.4096","1.03854"
"2023-10-17T18:57:19.831Z","SELL","TAKER","MARKET","YFI-USD","5072","0.5904","1.497254"
"2023-10-17T05:03:25.693Z","SELL","TAKER","MARKET","BTC-USD","28192","0.701","9.881296"
"2023-10-16T18:34:54.888Z","SELL","TAKER","MARKET","BTC-USD","28337","0.1685","2.387392"
"2023-10-16T13:38:00.357Z","BUY","TAKER","MARKET","BTC-USD","28935","0.0314","0.454279"
"2023-10-16T13:38:00.357Z","BUY","TAKER","MARKET","BTC-USD","28928","0.1371","1.983014"
"2023-10-15T18:28:35.535Z","BUY","TAKER","MARKET","BTC-USD","26981","0.2014","2.716986"
"2023-10-14T07:33:40.686Z","SELL","TAKER","MARKET","BTC-USD","26867","0.2014","2.705506"
"2023-10-13T21:00:33.576Z","BUY","TAKER","MARKET","BTC-USD","27004","0.5054","6.82391"
"2023-10-13T21:00:33.576Z","BUY","TAKER","MARKET","BTC-USD","27004","0.005","0.06751"
"2023-10-13T20:55:01.150Z","BUY","TAKER","MARKET","ETH-USD","1555","1.5","1.16625"
"2023-10-13T20:54:38.793Z","BUY","TAKER","MARKET","YFI-USD","5135","0.514","1.319695"
"2023-10-13T20:54:38.793Z","BUY","TAKER","MARKET","YFI-USD","5135","0.486","1.247805"
"2023-10-13T20:54:22.393Z","BUY","TAKER","MARKET","LTC-USD","61.7","15","0.46275"
"2023-10-13T20:52:55.583Z","BUY","TAKER","MARKET","BTC-USD","26918","0.1756","2.3634"
"2023-10-13T20:52:55.583Z","BUY","TAKER","MARKET","BTC-USD","26918","0.0244","0.328399"
"2023-10-13T20:03:33.005Z","BUY","TAKER","MARKET","AAVE-USD","63.39","7","0.221865"
"2023-10-13T20:02:50.747Z","BUY","TAKER","MARKET","BTC-USD","26783","0.2898","3.880856"
"2023-10-13T20:02:50.747Z","BUY","TAKER","MARKET","BTC-USD","26783","0.0102","0.136593"
"2023-10-12T19:13:31.694Z","SELL","TAKER","MARKET","YFI-USD","5048","0.4","1.0096"
"2023-10-11T12:43:44.118Z","SELL","TAKER","MARKET","LTC-USD","61.9","15","0.46425"
"2023-10-10T15:01:23.903Z","SELL","TAKER","MARKET","AAVE-USD","64.04","7","0.22414"
"2023-10-10T14:58:35.163Z","SELL","TAKER","MARKET","BTC-USD","27430","0.3","4.1145"
"2023-10-10T14:30:00.168Z","BUY","TAKER","MARKET","BTC-USD","27570","0.3","4.1355"
"2023-10-08T18:16:32.546Z","SELL","TAKER","MARKET","BTC-USD","27853","0.15","2.088975"
"2023-10-07T06:09:30.662Z","SELL","TAKER","MARKET","BTC-USD","27906","0.15","2.09295"
"2023-10-06T21:38:52.922Z","BUY","TAKER","STOP_MARKET","BTC-USD","28278","0.197","2.785383"
"2023-10-06T21:38:52.922Z","BUY","TAKER","STOP_MARKET","BTC-USD","28275","0.003","0.042412"
"2023-10-06T21:38:52.922Z","BUY","TAKER","STOP_MARKET","BTC-USD","28274","0.1","1.4137"
"2023-10-05T07:26:21.885Z","SELL","TAKER","MARKET","BTC-USD","27588","0.3","4.1382"
"2023-10-05T00:48:52.853Z","BUY","TAKER","STOP_MARKET","BTC-USD","27871","0.3","4.18065"
"2023-10-04T19:22:59.683Z","SELL","TAKER","MARKET","BTC-USD","27733","0.1891","2.622155"
"2023-10-04T19:22:59.683Z","SELL","TAKER","MARKET","BTC-USD","27733","0.1109","1.537794"
"2023-10-04T07:51:58.205Z","BUY","TAKER","MARKET","BTC-USD","27435","0.3","4.11525"
"2023-10-03T06:52:50.086Z","SELL","TAKER","MARKET","BTC-USD","27663","0.3","4.14945"
"2023-10-02T14:24:57.944Z","SELL","TAKER","MARKET","YFI-USD","5426","0.0445","0.120728"
"2023-10-02T14:24:57.944Z","SELL","TAKER","MARKET","YFI-USD","5426","0.5555","1.507071"
"2023-10-01T05:44:59.770Z","BUY","TAKER","MARKET","YFI-USD","5386","0.3","0.8079"
"2023-10-01T05:12:00.935Z","BUY","TAKER","STOP_MARKET","YFI-USD","5328","0.3","0.7992"
"2023-09-28T16:03:17.956Z","BUY","TAKER","MARKET","ALGO-USD","0.0983","5000","0.24575"
"2023-09-27T17:29:11.979Z","SELL","TAKER","MARKET","YFI-USD","5186","0.3","0.7779"
"2023-09-27T11:49:03.858Z","BUY","TAKER","STOP_MARKET","BTC-USD","26737","0.3","4.01055"
"2023-09-24T18:29:04.504Z","SELL","TAKER","MARKET","BTC-USD","26559","0.3","3.98385"
"2023-09-12T21:07:52.626Z","SELL","MAKER","LIMIT","BTC-USD","26087","0.1","0.52174"
"2023-09-12T20:52:59.006Z","SELL","MAKER","LIMIT","BTC-USD","26090","0.1","0.5218"
"2023-09-11T15:17:18.561Z","BUY","TAKER","MARKET","BTC-USD","24995","0.2","2.4995"
"2023-08-28T02:42:20.583Z","SELL","TAKER","MARKET","YFI-USD","5742","0.3","0.8613"
"2023-08-22T17:19:58.032Z","SELL","TAKER","MARKET","BTC-USD","25883","0.188","2.433002"
"2023-08-22T17:19:58.032Z","SELL","TAKER","MARKET","BTC-USD","25883","0.01","0.129415"
"2023-08-22T17:19:58.032Z","SELL","TAKER","MARKET","BTC-USD","25883","0.002","0.025883"
"2023-08-22T16:59:20.972Z","BUY","MAKER","LIMIT","BTC-USD","26001","0.2","1.04004"
"2023-08-21T07:58:47.392Z","SELL","TAKER","MARKET","BTC-USD","25997","0.2","2.5997"
"2023-08-20T23:46:51.977Z","SELL","TAKER","MARKET","BTC-USD","26162","0.1","1.3081"
"2023-08-19T19:57:30.501Z","SELL","TAKER","MARKET","BTC-USD","26142","0.1","1.3071"
"2023-08-18T15:59:54.380Z","BUY","TAKER","MARKET","BTC-USD","25977","0.1","1.29885"
"2023-08-17T21:45:21.992Z","BUY","TAKER","MARKET","BTC-USD","24960","0.3","3.744"
"2023-08-16T18:33:45.596Z","SELL","TAKER","MARKET","ALGO-USD","0.1042","5000","0.2605"
"2023-08-13T20:11:30.728Z","SELL","TAKER","MARKET","ETH-USD","1856.8","0.972","0.902404"
"2023-08-13T20:11:30.728Z","SELL","TAKER","MARKET","ETH-USD","1856.8","0.012","0.01114"
"2023-08-13T20:11:30.728Z","SELL","TAKER","MARKET","ETH-USD","1856.8","0.016","0.014854"
"2023-08-13T20:11:30.728Z","SELL","TAKER","MARKET","ETH-USD","1856.8","0.012","0.01114"
"2023-08-13T20:11:30.728Z","SELL","TAKER","MARKET","ETH-USD","1856.8","0.14","0.129976"
"2023-08-13T20:11:30.728Z","SELL","TAKER","MARKET","ETH-USD","1856.8","0.33","0.306372"
"2023-08-13T20:11:30.728Z","SELL","TAKER","MARKET","ETH-USD","1856.8","0.018","0.016711"
"2023-08-13T20:11:14.687Z","SELL","TAKER","MARKET","BTC-USD","29410","0.7104","10.446432"
"2023-08-13T19:41:27.803Z","BUY","TAKER","MARKET","ETH-USD","1855.8","1.187","1.101417"
"2023-08-13T19:41:27.803Z","BUY","TAKER","MARKET","ETH-USD","1855.8","0.313","0.290432"
"2023-08-13T19:41:14.920Z","BUY","TAKER","MARKET","BTC-USD","29427","0.1162","1.709708"
"2023-08-13T19:41:14.920Z","BUY","TAKER","MARKET","BTC-USD","29427","0.3617","5.321872"
"2023-08-13T19:41:14.920Z","BUY","TAKER","MARKET","BTC-USD","29426","0.204","3.001452"
"2023-08-13T19:41:14.920Z","BUY","TAKER","MARKET","BTC-USD","29426","0.0164","0.241293"
"2023-08-13T19:41:14.920Z","BUY","TAKER","MARKET","BTC-USD","29424","0.0011","0.016183"
"2023-08-13T19:41:14.920Z","BUY","TAKER","MARKET","BTC-USD","29424","0.0011","0.016183"
"2023-08-13T19:41:14.920Z","BUY","TAKER","MARKET","BTC-USD","29424","0.0009","0.01324"
"2023-08-11T15:44:30.683Z","SELL","TAKER","MARKET","BTC-USD","29340","0.5991","8.788797"
"2023-08-11T15:44:30.683Z","SELL","TAKER","MARKET","BTC-USD","29340","0.1023","1.500741"
"2023-08-11T15:44:05.252Z","SELL","TAKER","MARKET","ETH-USD","1842.8","1.5","1.3821"
"2023-08-11T15:42:51.488Z","SELL","TAKER","MARKET","TRX-USD","0.0769","20000","0.769"
"2023-08-11T15:42:16.234Z","SELL","TAKER","MARKET","ETH-USD","1843.1","1.5","1.382325"
"2023-08-11T15:41:59.127Z","SELL","TAKER","MARKET","BTC-USD","29345","0.3","4.40175"
"2023-08-11T05:43:02.053Z","BUY","TAKER","MARKET","ETH-USD","1846.9","1.5","1.385175"
"2023-08-10T22:23:05.114Z","SELL","TAKER","MARKET","ETH-USD","1849.8","1.5","1.38735"
"2023-08-10T06:17:15.187Z","BUY","TAKER","MARKET","TRX-USD","0.0769","3280","0.126116"
"2023-08-10T06:17:15.187Z","BUY","TAKER","MARKET","TRX-USD","0.0769","16720","0.642884"
"2023-08-09T17:33:52.566Z","BUY","TAKER","MARKET","BTC-USD","29453","0.15","2.208975"
"2023-08-08T23:19:46.319Z","BUY","TAKER","MARKET","BTC-USD","29802","0.15","2.23515"
"2023-08-08T15:20:53.137Z","BUY","TAKER","MARKET","ETH-USD","1840.9","1.5","1.380675"
"2023-08-08T13:17:26.980Z","SELL","TAKER","MARKET","BTC-USD","29588","0.3","4.4382"
"2023-08-08T13:04:57.372Z","BUY","TAKER","MARKET","BTC-USD","29636","0.3","4.4454"
"2023-08-08T13:04:32.989Z","BUY","TAKER","MARKET","BTC-USD","29639","0.7014","10.394397"
"2023-08-08T12:57:59.320Z","BUY","TAKER","MARKET","ETH-USD","1842.9","5","4.60725"
"2023-08-08T07:50:50.305Z","SELL","TAKER","MARKET","BTC-USD","29165","0.7014","10.228165"
"2023-08-08T07:50:37.809Z","SELL","TAKER","MARKET","ETH-USD","1828.6","5","4.5715"
"2023-08-07T21:22:48.295Z","BUY","TAKER","MARKET","ETH-USD","1825.1","5","4.56275"
"2023-08-07T21:22:35.097Z","BUY","TAKER","MARKET","BTC-USD","29175","0.4329","6.314928"
"2023-08-07T21:22:35.097Z","BUY","TAKER","MARKET","BTC-USD","29174","0.0022","0.032091"
"2023-08-07T21:22:35.097Z","BUY","TAKER","MARKET","BTC-USD","29174","0.1903","2.775906"
"2023-08-07T21:22:35.097Z","BUY","TAKER","MARKET","BTC-USD","29174","0.076","1.108612"
"2023-08-04T18:52:00.027Z","SELL","TAKER","MARKET","ETH-USD","1831.3","5","4.57825"
"2023-08-04T15:18:11.712Z","SELL","TAKER","MARKET","BTC-USD","29231","0.7014","10.251311"
"2023-08-04T13:37:44.255Z","BUY","TAKER","MARKET","ETH-USD","1845.7","1.5","1.384275"
"2023-08-04T12:41:36.279Z","BUY","TAKER","MARKET","BTC-USD","29185","0.7014","10.235179"
"2023-08-03T19:05:40.116Z","BUY","TAKER","MARKET","ALGO-USD","0.1071","4153","0.222393"
"2023-08-03T19:05:40.116Z","BUY","TAKER","MARKET","ALGO-USD","0.1071","16000","0.8568"
"2023-08-02T18:05:53.344Z","SELL","TAKER","MARKET","ALGO-USD","0.1067","1653","0.088187"
"2023-08-02T18:05:53.344Z","SELL","TAKER","MARKET","ALGO-USD","0.1067","18500","0.986975"
"2023-08-02T17:56:27.610Z","SELL","TAKER","MARKET","ETH-USD","1829.7","1.5","1.372275"
"2023-08-02T17:56:10.093Z","SELL","TAKER","MARKET","BTC-USD","29114","0.7014","10.210279"
"2023-08-02T17:55:54.534Z","SELL","TAKER","MARKET","LTC-USD","86.7","24","1.0404"
"2023-08-02T05:47:26.225Z","BUY","TAKER","MARKET","LTC-USD","92.4","24","1.1088"
"2023-08-02T05:39:52.110Z","BUY","TAKER","MARKET","BTC-USD","29610","0.166","2.45763"
"2023-08-02T05:39:52.110Z","BUY","TAKER","MARKET","BTC-USD","29610","0.544","8.05392"
"2023-08-01T08:08:14.141Z","SELL","TAKER","MARKET","BTC-USD","28924","0.71","10.26802"
"2023-08-01T07:09:28.839Z","SELL","TAKER","MARKET","LTC-USD","90.4","12","0.5424"
"2023-08-01T07:08:49.049Z","SELL","TAKER","MARKET","XLM-USD","0.147","6590","0.484365"
"2023-08-01T07:08:49.049Z","SELL","TAKER","MARKET","XLM-USD","0.147","3410","0.250635"
"2023-07-31T19:48:22.967Z","BUY","TAKER","MARKET","XLM-USD","0.1545","2000","0.1545"
"2023-07-31T13:54:33.179Z","SELL","TAKER","STOP_MARKET","LTC-USD","92.1","30","1.3815"
"2023-07-31T11:17:43.082Z","BUY","MAKER","LIMIT","LTC-USD","93.6","26.16","0.489715"
"2023-07-31T11:17:43.077Z","BUY","MAKER","LIMIT","LTC-USD","93.6","3.84","0.071884"
"2023-07-30T20:37:37.441Z","BUY","TAKER","MARKET","XLM-USD","0.1543","4000","0.3086"
"2023-07-26T19:03:43.310Z","BUY","TAKER","MARKET","XLM-USD","0.1451","4000","0.2902"
"2023-07-26T09:29:09.251Z","SELL","TAKER","STOP_MARKET","FIL-USD","4.31","200","0.431"
"2023-07-24T16:41:29.801Z","BUY","TAKER","MARKET","FIL-USD","4.46","200","0.446"
"2023-07-24T09:52:41.444Z","BUY","TAKER","MARKET","LTC-USD","88.9","12","0.5334"
"2023-07-24T09:50:52.398Z","SELL","TAKER","STOP_MARKET","FIL-USD","4.39","380","0.8341"
"2023-07-24T08:54:53.411Z","SELL","TAKER","MARKET","LTC-USD","92.1","12","0.5526"
"2023-07-23T17:45:58.740Z","BUY","TAKER","MARKET","FIL-USD","4.63","380","0.8797"
"2023-07-23T17:30:08.042Z","BUY","TAKER","MARKET","LTC-USD","92.7","12","0.5562"
"2023-07-23T06:31:50.564Z","SELL","TAKER","MARKET","LTC-USD","92.5","12","0.555"
"2023-07-22T23:17:20.894Z","SELL","TAKER","STOP_MARKET","FIL-USD","4.43","278.2","0.616213"
"2023-07-22T23:17:20.894Z","SELL","TAKER","STOP_MARKET","FIL-USD","4.43","121.8","0.269787"
"2023-07-21T14:41:54.934Z","BUY","TAKER","MARKET","FIL-USD","4.52","400","0.904"
"2023-07-17T19:21:39.540Z","BUY","TAKER","MARKET","LTC-USD","91.1","12","0.530202"
"2023-03-10T21:06:23.652Z","SELL","TAKER","MARKET","ETH-USD","1414.4","0.627","0.430111"
"2023-03-10T21:06:23.652Z","SELL","TAKER","MARKET","ETH-USD","1414.4","1.02","0.699703"
"2023-03-09T19:13:38.427Z","SELL","TAKER","MARKET","ETH-USD","1495.3","0.013","0.009427"
"2023-03-09T19:13:23.292Z","SELL","TAKER","MARKET","ETH-USD","1495.5","0.013","0.009429"
"2023-03-09T19:12:16.391Z","SELL","TAKER","MARKET","BTC-USD","20867","0.12","1.214459"
"2023-03-09T19:12:16.391Z","SELL","TAKER","MARKET","BTC-USD","20867","0.08","0.809639"
"2023-03-09T19:12:16.391Z","SELL","TAKER","MARKET","BTC-USD","20867","0.1","1.012049"
"2023-03-09T19:02:01.487Z","BUY","TAKER","MARKET","BTC-USD","20980","0.3","3.05259"
"2023-03-09T18:50:48.739Z","SELL","TAKER","STOP_MARKET","BTC-USD","20996","0.3","3.054918"
"2023-03-09T18:32:54.561Z","BUY","TAKER","MARKET","BTC-USD","21075","0.3","3.066412"
"2023-03-08T12:54:01.741Z","SELL","TAKER","STOP_MARKET","BTC-USD","22000","0.3","3.3"
"2023-03-08T10:16:26.842Z","BUY","TAKER","STOP_MARKET","BTC-USD","22025","0.3","3.30375"
"2023-03-08T08:54:02.662Z","BUY","MAKER","LIMIT","ETH-USD","1554.4","1.673","0.520102"
"2023-03-07T14:44:01.323Z","BUY","TAKER","MARKET","BTC-USD","22300","0.2614","2.91461"
"2023-03-07T14:16:21.147Z","SELL","TAKER","STOP_MARKET","BTC-USD","22301","0.2614","2.91474"
"2023-03-06T19:18:35.321Z","SELL","TAKER","MARKET","BTC-USD","22405","0.2","2.2405"
"2023-03-06T08:38:12.496Z","BUY","TAKER","STOP_MARKET","BTC-USD","22448","0.1545","1.734108"
"2023-03-06T08:38:12.496Z","BUY","TAKER","STOP_MARKET","BTC-USD","22447","0.001","0.011223"
"2023-03-06T08:38:12.496Z","BUY","TAKER","STOP_MARKET","BTC-USD","22447","0.0445","0.499445"
"2023-03-06T04:31:38.031Z","SELL","TAKER","MARKET","BTC-USD","22353","0.0837","0.935473"
"2023-03-03T14:12:26.762Z","SELL","TAKER","MARKET","YFI-USD","11073","0.4793","2.653644"
"2023-03-03T14:12:26.762Z","SELL","TAKER","MARKET","YFI-USD","11073","0.027","0.149485"
"2023-03-03T14:12:26.762Z","SELL","TAKER","MARKET","YFI-USD","11073","0.0453","0.250803"
"2023-03-03T14:12:26.762Z","SELL","TAKER","MARKET","YFI-USD","11074","0.0484","0.26799"
"2023-03-01T17:01:00.000Z","BUY","TAKER","MARKET","YFI-USD","9728","0.0050","0.009836"
"2023-03-01T17:01:35.488Z","BUY","MAKER","LIMIT","YFI-USD","9728","0.136","0.264601"
"2023-03-01T17:01:35.431Z","BUY","MAKER","LIMIT","YFI-USD","9728","0.2","0.38912"
"2023-03-01T17:01:35.396Z","BUY","MAKER","LIMIT","YFI-USD","9728","0.2","0.38912"
"2023-03-01T17:01:35.363Z","BUY","MAKER","LIMIT","YFI-USD","9728","0.002","0.003891"
"2023-03-01T17:01:35.245Z","BUY","MAKER","LIMIT","YFI-USD","9728","0.018","0.03502"
"2023-03-01T17:01:34.427Z","BUY","MAKER","LIMIT","YFI-USD","9728","0.002","0.003891"
"2023-03-01T17:01:34.349Z","BUY","MAKER","LIMIT","YFI-USD","9728","0.003","0.005836"
"2023-03-01T17:01:34.306Z","BUY","MAKER","LIMIT","YFI-USD","9728","0.003","0.005836"
"2023-03-01T17:01:34.250Z","BUY","MAKER","LIMIT","YFI-USD","9728","0.002","0.003891"
"2023-03-01T17:01:34.245Z","BUY","MAKER","LIMIT","YFI-USD","9728","0.002","0.003891"
"2023-03-01T17:01:34.234Z","BUY","MAKER","LIMIT","YFI-USD","9728","0.003","0.005836"
"2023-03-01T17:01:34.228Z","BUY","MAKER","LIMIT","YFI-USD","9728","0.002","0.003891"
"2023-03-01T17:01:34.221Z","BUY","MAKER","LIMIT","YFI-USD","9728","0.003","0.005836"
"2023-03-01T17:01:34.219Z","BUY","MAKER","LIMIT","YFI-USD","9728","0.003","0.005836"
"2023-03-01T17:01:34.219Z","BUY","MAKER","LIMIT","YFI-USD","9728","0.003","0.005836"
"2023-03-01T17:01:34.218Z","BUY","MAKER","LIMIT","YFI-USD","9728","0.003","0.005836"
"2023-03-01T17:01:34.216Z","BUY","MAKER","LIMIT","YFI-USD","9728","0.003","0.005836"
"2023-03-01T17:01:34.208Z","BUY","MAKER","LIMIT","YFI-USD","9728","0.002","0.003891"
"2023-03-01T17:01:34.208Z","BUY","MAKER","LIMIT","YFI-USD","9728","0.002","0.003891"
"2023-03-01T17:01:34.205Z","BUY","MAKER","LIMIT","YFI-USD","9728","0.003","0.005836"
"2023-03-01T16:20:35.121Z","BUY","TAKER","MARKET","BTC-USD","23609","0.0837","0.988036"
"2023-03-01T11:49:16.613Z","SELL","TAKER","MARKET","BTC-USD","23711","0.0857","1.016016"
"2023-03-01T11:39:48.712Z","SELL","TAKER","MARKET","YFI-USD","9685","0.05","0.242125"
"2023-03-01T11:39:48.712Z","SELL","TAKER","MARKET","YFI-USD","9686","0.13","0.62959"
"2023-03-01T11:39:48.712Z","SELL","TAKER","MARKET","YFI-USD","9686","0.053","0.256679"
"2023-03-01T11:39:48.712Z","SELL","TAKER","MARKET","YFI-USD","9687","0.053","0.256705"
"2023-03-01T11:39:48.712Z","SELL","TAKER","MARKET","YFI-USD","9689","0.154","0.746053"
"2023-03-01T11:39:48.712Z","SELL","TAKER","MARKET","YFI-USD","9689","0.03","0.145335"
"2023-03-01T11:39:48.712Z","SELL","TAKER","MARKET","YFI-USD","9690","0.13","0.62985"
"2023-03-01T10:30:22.021Z","BUY","TAKER","STOP_MARKET","YFI-USD","9745","0.217","1.057332"
"2023-03-01T10:30:22.021Z","BUY","TAKER","STOP_MARKET","YFI-USD","9744","0.153","0.745416"
"2023-03-01T10:30:22.021Z","BUY","TAKER","STOP_MARKET","YFI-USD","9743","0.03","0.146145"
"2023-03-01T10:30:22.021Z","BUY","TAKER","STOP_MARKET","YFI-USD","9742","0.1","0.4871"
"2023-03-01T10:30:22.021Z","BUY","TAKER","STOP_MARKET","YFI-USD","9740","0.1","0.487"
"2023-03-01T09:43:17.708Z","SELL","TAKER","STOP_MARKET","ETH-USD","1652","5","4.13"
"2023-03-01T08:59:13.473Z","SELL","TAKER","MARKET","ETH-USD","1658.4","3.794","3.145984"
"2023-03-01T08:59:13.473Z","SELL","TAKER","MARKET","ETH-USD","1658.4","1.206","1.000015"
"2023-03-01T08:54:13.167Z","BUY","TAKER","STOP_MARKET","ETH-USD","1656.8","10","8.284"
"2023-03-01T08:32:55.442Z","SELL","TAKER","MARKET","BTC-USD","23738","0.001","0.011869"
"2023-03-01T05:37:03.907Z","BUY","TAKER","MARKET","BTC-USD","23692","0.0867","1.027048"
"2023-02-28T21:15:08.992Z","SELL","TAKER","MARKET","BTC-USD","23162","0.0887","1.027234"
"2023-02-28T12:53:59.018Z","BUY","TAKER","LIMIT","BTC-USD","23450","0.0887","1.040007"
"2023-02-25T13:07:18.772Z","BUY","MAKER","LIMIT","TRX-USD","0.0678","27200","0.368832"
"2023-02-25T13:07:18.642Z","BUY","MAKER","LIMIT","TRX-USD","0.0678","40470","0.548773"
"2023-02-25T13:07:18.555Z","BUY","MAKER","LIMIT","TRX-USD","0.0678","24200","0.328152"
"2023-02-25T12:55:22.994Z","BUY","MAKER","LIMIT","TRX-USD","0.068","15780","0.214608"
"2023-02-25T12:55:22.821Z","BUY","MAKER","LIMIT","TRX-USD","0.068","20000","0.272"
"2023-02-25T12:55:22.818Z","BUY","MAKER","LIMIT","TRX-USD","0.068","20000","0.272"
"2023-02-25T12:55:22.808Z","BUY","MAKER","LIMIT","TRX-USD","0.068","20000","0.272"
"2023-02-25T12:55:22.393Z","BUY","MAKER","LIMIT","TRX-USD","0.068","16100","0.21896"
"2023-02-25T12:30:17.253Z","SELL","TAKER","MARKET","TRX-USD","0.0683","132650","4.529997"
"2023-02-25T12:30:17.253Z","SELL","TAKER","MARKET","TRX-USD","0.0683","17500","0.597625"
"2023-02-25T12:30:17.253Z","SELL","TAKER","MARKET","TRX-USD","0.0683","16100","0.549815"
"2023-02-25T12:30:17.253Z","SELL","TAKER","MARKET","TRX-USD","0.0683","17500","0.597625"
"2023-02-24T23:14:38.570Z","BUY","TAKER","STOP_MARKET","BTC-USD","23174","0.0137","0.158741"
"2023-02-24T23:14:38.570Z","BUY","TAKER","STOP_MARKET","BTC-USD","23174","0.05","0.57935"
"2023-02-24T23:14:38.570Z","BUY","TAKER","STOP_MARKET","BTC-USD","23174","0.0863","0.999958"
"2023-02-24T21:43:30.357Z","SELL","TAKER","STOP_MARKET","BTC-USD","23142","0.0636","0.735915"
"2023-02-24T21:43:30.357Z","SELL","TAKER","STOP_MARKET","BTC-USD","23142","0.0864","0.999734"
"2023-02-24T20:26:19.960Z","BUY","TAKER","MARKET","BTC-USD","23329","0.2","2.3329"
"2023-02-24T16:33:37.291Z","BUY","TAKER","MARKET","BTC-USD","23202","0.1","1.1601"
"2023-02-24T13:37:09.144Z","SELL","TAKER","STOP_MARKET","BTC-USD","23751","0.28","3.32514"
"2023-02-24T13:37:09.144Z","SELL","TAKER","STOP_MARKET","BTC-USD","23752","0.02","0.23752"
"2023-02-24T10:08:49.478Z","BUY","TAKER","STOP_MARKET","LINK-USD","8.021","600","2.4063"
"2023-02-24T10:08:49.478Z","BUY","TAKER","STOP_MARKET","LINK-USD","8.021","150","0.601575"
"2023-02-24T10:03:02.553Z","BUY","TAKER","MARKET","LINK-USD","7.978","124","0.494636"
"2023-02-24T10:03:02.553Z","BUY","TAKER","MARKET","LINK-USD","7.978","626","2.497114"
"2023-02-24T09:21:10.002Z","SELL","TAKER","STOP_MARKET","LINK-USD","8.031","443.5","1.780874"
"2023-02-24T09:21:10.002Z","SELL","TAKER","STOP_MARKET","LINK-USD","8.032","894","3.590304"
"2023-02-24T09:21:10.002Z","SELL","TAKER","STOP_MARKET","LINK-USD","8.033","150","0.602475"
"2023-02-24T09:21:10.002Z","SELL","TAKER","STOP_MARKET","LINK-USD","8.033","12.5","0.050206"
"2023-02-24T08:25:55.764Z","SELL","TAKER","MARKET","LINK-USD","8.043","81.3","0.326947"
"2023-02-24T08:25:55.764Z","SELL","TAKER","MARKET","LINK-USD","8.044","150","0.6033"
"2023-02-23T22:15:50.602Z","SELL","TAKER","MARKET","SUSHI-USD","1.454","1000","0.727"
"2023-02-23T19:46:02.924Z","BUY","TAKER","STOP_MARKET","SUSHI-USD","1.454","329.6","0.239619"
"2023-02-23T19:46:02.924Z","BUY","TAKER","STOP_MARKET","SUSHI-USD","1.454","670.4","0.48738"
"2023-02-23T13:53:01.522Z","BUY","TAKER","MARKET","LINK-USD","8.112","196.9","0.798626"
"2023-02-23T13:53:01.522Z","BUY","TAKER","MARKET","LINK-USD","8.11","34.4","0.139492"
"2023-02-23T13:15:52.228Z","SELL","TAKER","MARKET","BTC-USD","24090","0.3","3.6135"
"2023-02-23T12:54:06.703Z","BUY","TAKER","MARKET","BTC-USD","24000","0.3","3.6"
"2023-02-23T11:45:05.812Z","SELL","TAKER","MARKET","BTC-USD","23771","0.3","3.56565"
"2023-02-23T07:13:09.827Z","BUY","TAKER","MARKET","BTC-USD","24407","0.22","2.68477"
"2023-02-23T07:13:09.827Z","BUY","TAKER","MARKET","BTC-USD","24407","0.08","0.97628"
"2023-02-22T11:57:35.093Z","BUY","TAKER","MARKET","BTC-USD","24167","0.2","2.4167"
"2023-02-22T10:56:11.082Z","SELL","TAKER","MARKET","BTC-USD","24171","0.2","2.4171"
"2023-02-21T20:41:54.676Z","SELL","TAKER","MARKET","BTC-USD","24453","0.13","1.589445"
"2023-02-21T20:41:54.676Z","SELL","TAKER","MARKET","BTC-USD","24453","0.07","0.855855"
"2023-02-21T20:41:54.676Z","SELL","TAKER","MARKET","BTC-USD","24453","0.1","1.22265"
"2023-02-21T08:22:06.808Z","SELL","TAKER","MARKET","BTC-USD","25058","0.0369","0.46232"
"2023-02-21T08:22:06.808Z","SELL","TAKER","MARKET","BTC-USD","25058","0.0018","0.022552"
"2023-02-21T08:22:06.808Z","SELL","TAKER","MARKET","BTC-USD","25058","0.0018","0.022552"
"2023-02-21T08:18:43.479Z","BUY","TAKER","STOP_MARKET","BTC-USD","25132","0.1395","1.752957"
"2023-02-21T08:18:43.479Z","BUY","TAKER","STOP_MARKET","BTC-USD","25129","0.1105","1.388377"
"2023-02-20T14:49:26.740Z","BUY","TAKER","MARKET","BTC-USD","24964","0.0905","1.129621"
"2023-02-20T14:44:44.825Z","SELL","TAKER","MARKET","BTC-USD","24823","0.3","3.72345"
"2023-02-20T04:16:44.026Z","BUY","TAKER","MARKET","BTC-USD","24538","0.24","2.94456"
"2023-02-20T04:16:44.026Z","BUY","TAKER","MARKET","BTC-USD","24538","0.06","0.73614"
"2023-02-19T18:18:47.901Z","SELL","TAKER","LIMIT","BTC-USD","24445","0.3","3.66675"
"2023-02-19T15:18:42.279Z","BUY","TAKER","STOP_MARKET","BTC-USD","24878","0.3","3.7317"
"2023-02-17T20:06:38.925Z","BUY","TAKER","STOP_MARKET","ETH-USD","1714.5","0.4","0.3429"
"2023-02-17T13:21:35.665Z","SELL","TAKER","MARKET","ETH-USD","1662.1","0.4","0.33242"
"2023-02-16T18:16:28.580Z","SELL","TAKER","MARKET","BTC-USD","24905","0.3","3.73575"
"2023-02-14T13:30:58.913Z","BUY","TAKER","MARKET","BTC-USD","21665","0.0654","0.708445"
"2023-02-14T13:30:58.913Z","BUY","TAKER","MARKET","BTC-USD","21663","0.1173","1.270534"
"2023-02-14T13:30:58.913Z","BUY","TAKER","MARKET","BTC-USD","21662","0.1173","1.270476"
"2023-02-14T13:30:40.459Z","SELL","TAKER","STOP_MARKET","BTC-USD","21569","0.3","3.23535"
"2023-02-13T23:29:10.895Z","SELL","TAKER","MARKET","BTC-USD","21802","0.0809","0.88189"
"2023-02-13T23:29:10.895Z","SELL","TAKER","MARKET","BTC-USD","21803","0.0691","0.753293"
"2023-02-13T23:29:10.895Z","SELL","TAKER","MARKET","BTC-USD","21803","0.05","0.545075"
"2023-02-13T23:29:10.895Z","SELL","TAKER","MARKET","BTC-USD","21803","0.05","0.545075"
"2023-02-13T23:13:53.486Z","BUY","TAKER","MARKET","BTC-USD","21709","0.0791","0.85859"
"2023-02-13T23:13:53.486Z","BUY","TAKER","MARKET","BTC-USD","21709","0.1209","1.312309"
"2023-02-13T23:13:53.486Z","BUY","TAKER","MARKET","BTC-USD","21709","0.1","1.08545"
"2023-02-13T23:13:53.486Z","BUY","TAKER","MARKET","BTC-USD","21709","0.1","1.08545"
"2023-02-13T23:13:53.486Z","BUY","TAKER","MARKET","BTC-USD","21709","0.05","0.542725"
"2023-02-13T23:13:53.486Z","BUY","TAKER","MARKET","BTC-USD","21709","0.05","0.542725"
"2023-02-13T18:57:30.810Z","BUY","TAKER","MARKET","BTC-USD","21652","0.019","0.205694"
"2023-02-13T18:57:30.810Z","BUY","TAKER","MARKET","BTC-USD","21652","0.031","0.335606"
"2023-02-09T19:32:28.071Z","SELL","TAKER","MARKET","LINK-USD","7.294","181","0.660107"
"2023-02-09T07:34:16.210Z","BUY","TAKER","STOP_MARKET","LINK-USD","7.303","65.2","0.238077"
"2023-02-09T07:34:16.210Z","BUY","TAKER","STOP_MARKET","LINK-USD","7.296","115.8","0.422438"
"2023-02-08T15:08:24.738Z","SELL","TAKER","STOP_MARKET","XLM-USD","0.0912","4180","0.190608"
"2023-02-08T15:08:24.738Z","SELL","TAKER","STOP_MARKET","XLM-USD","0.0912","11250","0.513"
"2023-02-08T15:08:24.738Z","SELL","TAKER","STOP_MARKET","XLM-USD","0.0912","12070","0.550392"
"2023-02-08T15:08:24.738Z","SELL","TAKER","STOP_MARKET","XLM-USD","0.0912","13500","0.6156"
"2023-02-08T13:00:13.947Z","BUY","TAKER","STOP_MARKET","XLM-USD","0.0926","14000","0.6482"
"2023-02-08T13:00:13.947Z","BUY","TAKER","STOP_MARKET","XLM-USD","0.0926","13500","0.62505"
"2023-02-08T13:00:13.947Z","BUY","TAKER","STOP_MARKET","XLM-USD","0.0926","13500","0.62505"
"2023-01-30T05:31:42.784Z","SELL","TAKER","MARKET","BTC-USD","23683","0.06","0.71049"
"2023-01-30T05:31:42.784Z","SELL","TAKER","MARKET","BTC-USD","23683","0.05","0.592075"
"2023-01-30T05:31:42.784Z","SELL","TAKER","MARKET","BTC-USD","23683","0.14","1.65781"
"2023-01-28T19:22:26.241Z","BUY","TAKER","MARKET","BTC-USD","23038","0.25","2.87975"
"2023-01-28T07:18:09.837Z","SELL","TAKER","MARKET","TRX-USD","0.0628","61000","1.9154"
"2023-01-28T07:18:09.837Z","SELL","TAKER","MARKET","TRX-USD","0.0628","19000","0.5966"
"2023-01-27T16:12:38.455Z","SELL","TAKER","MARKET","BTC-USD","23005","0.18","2.07045"
"2023-01-27T16:12:38.455Z","SELL","TAKER","MARKET","BTC-USD","23005","0.07","0.805175"
"2023-01-27T08:39:08.090Z","BUY","TAKER","MARKET","BTC-USD","23005","0.25","2.875625"
"2023-01-27T08:18:29.550Z","BUY","TAKER","STOP_MARKET","TRX-USD","0.0628","40000","1.256"
"2023-01-27T08:18:24.520Z","BUY","TAKER","STOP_MARKET","TRX-USD","0.0629","25000","0.78625"
"2023-01-27T08:18:24.520Z","BUY","TAKER","STOP_MARKET","TRX-USD","0.0629","15000","0.47175"
"2023-01-27T07:51:26.946Z","BUY","TAKER","MARKET","BTC-USD","23063","0.14","1.61441"
"2023-01-27T07:51:26.946Z","BUY","TAKER","MARKET","BTC-USD","23063","0.06","0.69189"
"2023-01-27T06:57:56.301Z","SELL","TAKER","MARKET","BTC-USD","22994","0.046","0.528862"
"2023-01-27T06:57:56.301Z","SELL","TAKER","MARKET","BTC-USD","22996","0.021","0.241458"
"2023-01-27T06:57:56.301Z","SELL","TAKER","MARKET","BTC-USD","22996","0.021","0.241458"
"2023-01-27T06:57:56.301Z","SELL","TAKER","MARKET","BTC-USD","22996","0.021","0.241458"
"2023-01-27T06:57:56.301Z","SELL","TAKER","MARKET","BTC-USD","22996","0.021","0.241458"
"2023-01-27T06:57:56.301Z","SELL","TAKER","MARKET","BTC-USD","22996","0.049","0.563402"
"2023-01-27T06:57:56.301Z","SELL","TAKER","MARKET","BTC-USD","22996","0.021","0.241458"
"2023-01-27T01:36:45.792Z","SELL","TAKER","STOP_MARKET","BTC-USD","22750","0.5","5.6875"
"2023-01-25T08:54:29.795Z","BUY","TAKER","MARKET","BTC-USD","22690","0.2436","2.763642"
"2023-01-25T08:54:29.795Z","BUY","TAKER","MARKET","BTC-USD","22690","0.0882","1.000629"
"2023-01-25T08:54:29.795Z","BUY","TAKER","MARKET","BTC-USD","22690","0.0882","1.000629"
"2023-01-25T08:54:29.795Z","BUY","TAKER","MARKET","BTC-USD","22689","0.08","0.90756"
"2023-01-25T05:50:38.966Z","SELL","TAKER","MARKET","ETH-USD","1547.9","2","1.5479"
"2023-01-25T01:25:12.860Z","SELL","TAKER","STOP_MARKET","BTC-USD","22430","0.0331","0.371216"
"2023-01-25T01:25:12.860Z","SELL","TAKER","STOP_MARKET","BTC-USD","22430","0.3025","3.392537"
"2023-01-25T01:25:12.860Z","SELL","TAKER","STOP_MARKET","BTC-USD","22430","0.1644","1.843746"
"2023-01-24T23:31:09.385Z","BUY","TAKER","MARKET","BTC-USD","22631","0.5","5.65775"
"2023-01-24T22:38:51.010Z","SELL","TAKER","MARKET","BTC-USD","22745","0.3999","4.547862"
"2023-01-24T22:38:51.010Z","SELL","TAKER","MARKET","BTC-USD","22746","0.1001","1.138437"
"2023-01-24T21:56:14.355Z","BUY","TAKER","MARKET","BTC-USD","22884","0.42","4.80564"
"2023-01-24T21:56:14.355Z","BUY","TAKER","MARKET","BTC-USD","22884","0.08","0.91536"
"2023-01-24T21:54:08.401Z","SELL","TAKER","STOP_MARKET","ETH-USD","1591.5","2","1.5915"
"2023-01-24T21:54:06.425Z","SELL","TAKER","STOP_MARKET","BTC-USD","22855","0.3275","3.742506"
"2023-01-24T21:54:06.425Z","SELL","TAKER","STOP_MARKET","BTC-USD","22857","0.1725","1.971416"
"2023-01-24T21:02:50.342Z","BUY","TAKER","STOP_MARKET","BTC-USD","23079","0.2433","2.80756"
"2023-01-24T21:02:50.342Z","BUY","TAKER","STOP_MARKET","BTC-USD","23079","0.05","0.576975"
"2023-01-24T21:02:50.342Z","BUY","TAKER","STOP_MARKET","BTC-USD","23078","0.0867","1.000431"
"2023-01-24T21:02:50.342Z","BUY","TAKER","STOP_MARKET","BTC-USD","23078","0.12","1.38468"
"2023-01-24T14:43:49.878Z","BUY","TAKER","MARKET","ETH-USD","1615.4","2","1.6154"
"2023-01-24T14:31:08.050Z","SELL","TAKER","STOP_MARKET","ETH-USD","1606","0.98","0.78694"
"2023-01-24T14:31:08.050Z","SELL","TAKER","STOP_MARKET","ETH-USD","1606","1.02","0.81906"
"2023-01-24T10:21:56.821Z","SELL","TAKER","MARKET","ETH-USD","1620.6","1","0.8103"
"2023-01-23T20:22:08.452Z","BUY","TAKER","MARKET","ETH-USD","1625.3","5","4.06325"
"2023-01-23T19:51:11.449Z","SELL","TAKER","MARKET","TRX-USD","0.0619","40000","1.238"
"2023-01-23T18:40:07.305Z","BUY","TAKER","MARKET","TRX-USD","0.0624","20000","0.624"
"2023-01-23T18:39:40.398Z","BUY","TAKER","MARKET","TRX-USD","0.0624","2000","0.0624"
"2023-01-23T18:39:40.398Z","BUY","TAKER","MARKET","TRX-USD","0.0624","17000","0.5304"
"2023-01-23T18:39:40.398Z","BUY","TAKER","MARKET","TRX-USD","0.0624","1000","0.0312"
"2023-01-23T15:13:42.531Z","BUY","TAKER","MARKET","BTC-USD","22787","0.1122","0"
"2023-01-23T15:13:42.531Z","BUY","TAKER","MARKET","BTC-USD","22784","0.0878","0"
"2023-01-23T15:11:52.873Z","SELL","TAKER","MARKET","BTC-USD","22698","0.15","0"
"2023-01-23T15:11:52.873Z","SELL","TAKER","MARKET","BTC-USD","22698","0.05","0"
"2023-01-23T15:10:52.069Z","SELL","TAKER","MARKET","ETH-USD","1610.2","4","0"
"2023-01-23T15:01:53.135Z","BUY","TAKER","MARKET","ETH-USD","1611.3","3.4","0"
"2023-01-23T15:01:53.135Z","BUY","TAKER","MARKET","ETH-USD","1611.3","0.6","0"
"2023-01-23T14:59:19.943Z","SELL","TAKER","STOP_MARKET","ETH-USD","1606.6","4","0"
"2023-01-23T14:49:59.895Z","BUY","TAKER","MARKET","ETH-USD","1635.3","2","0"
"2023-01-23T14:28:44.828Z","BUY","TAKER","MARKET","ETH-USD","1621.9","2","0"
"2023-01-18T15:53:52.575Z","SELL","TAKER","STOP_MARKET","XLM-USD","0.0859","28890","1.240825"
"2023-01-18T15:53:52.575Z","SELL","TAKER","STOP_MARKET","XLM-USD","0.0859","11610","0.498649"
"2023-01-18T14:11:54.443Z","BUY","TAKER","MARKET","XLM-USD","0.0884","22550","0.99671"
"2023-01-18T14:11:54.443Z","BUY","TAKER","MARKET","XLM-USD","0.0884","17950","0.79339"
"2023-01-18T13:11:09.268Z","BUY","TAKER","MARKET","TRX-USD","0.0621","12890","0.400234"
"2023-01-18T13:11:09.268Z","BUY","TAKER","MARKET","TRX-USD","0.0621","3220","0.099981"
"2023-01-18T13:11:09.268Z","BUY","TAKER","MARKET","TRX-USD","0.0621","8000","0.2484"
"2023-01-18T13:11:09.268Z","BUY","TAKER","MARKET","TRX-USD","0.062","19390","0.60109"
"2023-01-18T13:11:09.268Z","BUY","TAKER","MARKET","TRX-USD","0.062","21500","0.6665"
"2023-01-17T10:32:30.766Z","SELL","TAKER","MARKET","TRX-USD","0.0621","65000","2.01825"
"2023-01-17T10:31:55.230Z","SELL","TAKER","MARKET","TRX-USD","0.0621","65000","2.01825"
"2023-01-17T10:30:20.268Z","BUY","TAKER","LIMIT","TRX-USD","0.0622","42000","1.3062"
"2023-01-17T10:30:20.268Z","BUY","TAKER","LIMIT","TRX-USD","0.0622","23000","0.7153"
"2023-01-16T11:25:54.930Z","SELL","TAKER","MARKET","ETH-USD","1542.8","0.044","0.033941"
"2023-01-16T11:25:54.930Z","SELL","TAKER","MARKET","ETH-USD","1542.8","1.956","1.508858"
"2023-01-16T11:25:35.017Z","SELL","TAKER","MARKET","BTC-USD","20828","0.3","3.1242"
"2023-01-15T18:09:48.208Z","BUY","TAKER","MARKET","BTC-USD","20776","0.3","3.1164"
"2023-01-13T20:54:16.503Z","BUY","TAKER","LIMIT","ETH-USD","1426.1","2","1.4261"
"2023-01-12T21:03:20.813Z","SELL","TAKER","MARKET","LINK-USD","6.39","795.1","2.540344"
"2023-01-12T21:03:20.813Z","SELL","TAKER","MARKET","LINK-USD","6.391","104.9","0.335207"
"2023-01-12T17:39:40.488Z","BUY","TAKER","MARKET","LINK-USD","6.336","517.8","1.64039"
"2023-01-12T17:39:40.488Z","BUY","TAKER","MARKET","LINK-USD","6.335","382.2","1.210618"
"2023-01-11T23:35:18.903Z","BUY","TAKER","STOP_MARKET","TRX-USD","0.0566","35000","0"
"2023-01-10T21:43:19.838Z","BUY","TAKER","MARKET","ETH-USD","1342.8","4","2.6856"
"2023-01-10T19:43:07.068Z","SELL","TAKER","MARKET","ETH-USD","1339","4","2.678"
"2023-01-10T19:15:06.983Z","BUY","TAKER","STOP_MARKET","ETH-USD","1344.1","4","0"
"2023-01-10T13:24:07.973Z","SELL","TAKER","MARKET","ETH-USD","1328.2","0.001","0"
"2023-01-10T13:24:07.973Z","SELL","TAKER","MARKET","ETH-USD","1328.2","1.999","0"
"2023-01-10T13:24:07.973Z","SELL","TAKER","MARKET","ETH-USD","1328.2","2","0"
"2023-01-09T10:59:26.637Z","SELL","TAKER","MARKET","TRX-USD","0.0551","3000","0"
"2023-01-09T10:59:26.637Z","SELL","TAKER","MARKET","TRX-USD","0.0551","32000","0"
"2023-01-08T07:30:56.432Z","BUY","TAKER","MARKET","TRX-USD","0.0519","15350","0"
"2023-01-07T17:37:02.492Z","SELL","TAKER","MARKET","TRX-USD","0.0516","7350","0"
"2023-01-07T17:37:02.492Z","SELL","TAKER","MARKET","TRX-USD","0.0516","8000","0"
"2022-12-29T20:46:45.868Z","BUY","TAKER","MARKET","AVAX-USD","10.74","100","0"
"2022-12-29T20:30:18.452Z","BUY","TAKER","MARKET","AVAX-USD","10.82","106.7","0"
"2022-12-29T20:30:18.452Z","BUY","TAKER","MARKET","AVAX-USD","10.82","143.3","0"
"2022-12-29T01:14:52.746Z","BUY","TAKER","MARKET","ETH-USD","1192.5","2.5","0"
"2022-12-28T00:23:40.507Z","SELL","TAKER","MARKET","AVAX-USD","11.6","350","0"
"2022-12-27T16:23:29.800Z","SELL","TAKER","MARKET","ETH-USD","1210.1","2.5","0"
"2022-12-22T13:44:37.882Z","SELL","TAKER","STOP_MARKET","ETH-USD","1208.6","1.489","0"
"2022-12-22T13:44:37.882Z","SELL","TAKER","STOP_MARKET","ETH-USD","1208.6","8.511","0"
"2022-12-22T12:22:46.182Z","BUY","TAKER","MARKET","ETH-USD","1217","4.887","0"
"2022-12-22T12:22:46.182Z","BUY","TAKER","MARKET","ETH-USD","1217","5.113","0"
"2022-12-22T12:21:49.156Z","SELL","TAKER","MARKET","ETH-USD","1216.9","10","0"
"2022-12-22T09:01:42.741Z","BUY","TAKER","MARKET","ETH-USD","1215.9","0.003","0"
"2022-12-22T09:01:42.741Z","BUY","TAKER","MARKET","ETH-USD","1215.9","2","0"
"2022-12-22T09:01:42.741Z","BUY","TAKER","MARKET","ETH-USD","1215.9","5.497","0"
"2022-12-22T09:01:42.741Z","BUY","TAKER","MARKET","ETH-USD","1215.9","1.5","0"
"2022-12-22T09:01:42.741Z","BUY","TAKER","MARKET","ETH-USD","1215.9","1","0"
"2022-12-20T01:32:21.942Z","BUY","TAKER","MARKET","ETH-USD","1184.8","1","0"
"2022-12-20T01:32:21.942Z","BUY","TAKER","MARKET","ETH-USD","1184.8","5","0"
"2022-12-19T15:04:27.760Z","SELL","TAKER","MARKET","ETH-USD","1184.7","6","0"
"2022-12-19T14:38:53.975Z","BUY","TAKER","STOP_MARKET","ETH-USD","1189.6","6","0"
"2022-12-19T13:52:20.925Z","SELL","MAKER","LIMIT","ETH-USD","1184","0.2","0"
"2022-12-19T13:52:20.906Z","SELL","MAKER","LIMIT","ETH-USD","1184","0.9","0"
"2022-12-19T13:52:20.845Z","SELL","MAKER","LIMIT","ETH-USD","1184","0.9","0"
"2022-12-19T13:52:13.768Z","SELL","MAKER","LIMIT","ETH-USD","1183.4","2","0"
"2022-12-19T13:31:37.282Z","SELL","MAKER","LIMIT","ETH-USD","1183.6","0.2","0"
"2022-12-19T13:31:11.148Z","SELL","MAKER","LIMIT","ETH-USD","1183.6","0.9","0"
"2022-12-19T13:31:09.895Z","SELL","MAKER","LIMIT","ETH-USD","1183.6","0.9","0"